,City,Longitude,Latitude,Temperature (°c),Max_Temperature (°c),Humidity,Clouds,Wind Speed,Country,Datetime
0,pimentel,-79.9342,-6.8367,17.78000000000003,17.78000000000003,85,0,1.34,PE,1619747019
1,hermanus,19.2345,-34.4187,10.0,10.0,92,58,1.54,ZA,1619746906
3,lebu,-73.65,-37.6167,12.810000000000002,12.810000000000002,95,100,3.57,CL,1619746911
4,busselton,115.3333,-33.65,12.920000000000016,13.330000000000041,92,9,0.45,AU,1619747021
5,hobart,147.3294,-42.8794,17.590000000000032,18.890000000000043,72,20,4.12,AU,1619746821
6,rikitea,-134.9692,-23.1203,24.879999999999995,24.879999999999995,66,87,5.67,PF,1619747022
7,saint-philippe,55.7679,-21.3585,22.710000000000036,23.0,83,90,7.72,RE,1619747023
8,walvis bay,14.5053,-22.9575,11.28000000000003,12.78000000000003,87,0,3.09,NA,1619747024
9,mataura,168.8643,-46.1927,12.78000000000003,12.78000000000003,70,62,6.71,NZ,1619747024
10,talnakh,88.3972,69.4865,-1.1200000000000045,-1.1200000000000045,91,82,1.64,RU,1619747025
11,bluff,168.3333,-46.6,12.78000000000003,12.78000000000003,70,31,6.71,NZ,1619747025
12,souillac,57.5167,-20.5167,25.0,25.0,83,75,3.6,MU,1619747026
13,aklavik,-135.0107,68.2191,6.0,6.0,39,40,2.06,CA,1619746969
14,avarua,-159.775,-21.2078,29.0,29.0,79,75,4.12,CK,1619746916
15,enterprise,-115.2419,36.0252,30.390000000000043,31.110000000000014,8,40,2.57,US,1619747028
16,esperance,121.9,-33.8667,15.0,15.0,82,90,7.72,AU,1619746927
18,hammerfest,23.6821,70.6634,-3.0,-3.0,74,75,8.23,NO,1619747029
19,yellowknife,-114.3525,62.456,-1.419999999999959,-1.0,51,75,4.12,CA,1619746991
20,los llanos de aridane,-17.9182,28.6585,15.189999999999998,18.0,72,40,2.06,ES,1619747030
22,sur,59.5289,22.5667,29.680000000000007,29.680000000000007,49,100,1.19,OM,1619747032
23,alice springs,133.8833,-23.7,23.180000000000007,23.33000000000004,23,0,5.66,AU,1619747032
24,cayenne,-52.3333,4.9333,24.57000000000005,25.0,94,0,1.11,GF,1619747033
25,sembe,14.5806,1.6481,20.379999999999995,20.379999999999995,92,65,0.88,CG,1619747034
27,ranong,98.6348,9.9658,27.0,27.0,94,20,1.03,TH,1619747035
28,solnechnyy,136.6319,50.7214,3.400000000000034,3.400000000000034,69,89,4.26,RU,1619747036
29,albany,-73.9662,42.6001,12.939999999999998,13.330000000000041,90,100,3.58,US,1619746921
31,butaritari,172.7902,3.0707,28.79000000000002,28.79000000000002,71,100,5.75,KI,1619747037
32,barrow,-156.7887,71.2906,-7.0,-7.0,86,90,2.57,US,1619746617
34,lompoc,-120.4579,34.6391,14.990000000000009,18.33000000000004,77,7,5.66,US,1619746870
35,baykit,96.37,61.67,4.140000000000043,4.140000000000043,74,95,4.71,RU,1619747039
36,nikolskoye,30.7861,59.7035,-1.2699999999999818,0.0,74,0,1.27,RU,1619746914
37,ushuaia,-68.3,-54.8,4.0,4.0,70,75,1.61,AR,1619747040
38,balabac,117.0645,7.9868,29.74000000000001,29.74000000000001,67,11,4.86,PH,1619747041
39,vaini,-175.2,-21.2,24.0,24.0,100,75,5.14,TO,1619747042
41,castro,-50.0119,-24.7911,9.810000000000002,9.810000000000002,97,4,2.04,BR,1619747043
42,atuona,-139.0333,-9.8,26.30000000000001,26.30000000000001,69,13,1.98,PF,1619746907
43,mount isa,139.5,-20.7333,29.0,29.0,34,1,3.6,AU,1619747003
44,araouane,-3.5265,18.9048,32.85000000000002,32.85000000000002,19,93,3.15,ML,1619747023
45,jining,116.5814,35.405,23.890000000000043,23.890000000000043,1,99,6.33,CN,1619747045
46,praia da vitoria,-27.0667,38.7333,13.720000000000027,14.0,82,20,2.79,PT,1619747046
47,berlevag,29.0864,70.8578,-1.5,-1.5,68,100,11.79,NO,1619747046
48,jamestown,-79.2353,42.097,8.430000000000007,8.890000000000043,93,90,4.63,US,1619747047
49,iqaluit,-68.5145,63.7506,0.0,0.0,100,90,2.06,CA,1619747048
50,san jeronimo,-75.2829,-11.9472,9.580000000000041,9.580000000000041,77,96,0.79,PE,1619747049
52,norman wells,-126.8329,65.282,8.0,8.0,27,20,2.57,CA,1619746831
53,ayan,138.1667,56.45,-0.3100000000000023,-0.3100000000000023,95,100,5.3,RU,1619747050
54,el coco,-79.815,8.8703,26.970000000000027,28.0,83,20,5.14,PA,1619747051
55,hilo,-155.09,19.7297,24.450000000000045,28.0,57,1,3.6,US,1619746878
56,fuyang,115.8167,32.9,24.810000000000002,24.810000000000002,60,7,7.36,CN,1619747052
57,piacabucu,-36.4344,-10.4056,24.970000000000027,24.970000000000027,81,31,3.5,BR,1619747053
58,vila velha,-40.2925,-20.3297,22.0,22.0,78,75,3.6,BR,1619746940
60,hami,93.45,42.8,23.939999999999998,23.939999999999998,13,3,3.29,CN,1619747054
61,saskylakh,114.0833,71.9167,0.8300000000000409,0.8300000000000409,94,100,3.63,RU,1619747055
62,mar del plata,-57.5575,-38.0023,16.05000000000001,16.110000000000014,82,0,3.09,AR,1619746915
63,cidreira,-50.2056,-30.1811,18.410000000000025,18.410000000000025,78,1,3.07,BR,1619747056
64,kununurra,128.7333,-15.7667,32.0,32.0,29,0,4.63,AU,1619747056
65,nanortalik,-45.2371,60.1432,2.730000000000018,2.730000000000018,84,7,4.46,GL,1619747057
66,sakakah,40.2064,29.9697,20.0,20.0,18,0,2.06,SA,1619747058
67,puerto ayora,-90.3518,-0.7393,23.910000000000025,23.910000000000025,87,16,3.46,EC,1619746915
68,birjand,59.2211,32.8663,18.0,18.0,29,40,1.99,IR,1619747059
69,kaitangata,169.8464,-46.2817,12.78000000000003,12.78000000000003,62,82,7.6,NZ,1619746949
72,chokurdakh,147.9167,70.6333,-7.699999999999989,-7.699999999999989,85,12,2.18,RU,1619747060
73,marawi,124.2928,7.9986,29.439999999999998,29.439999999999998,74,49,1.34,PH,1619747061
74,sambava,50.1667,-14.2667,23.83000000000004,23.83000000000004,86,7,4.27,MG,1619746941
75,oistins,-59.5333,13.0667,25.0,25.0,61,20,4.63,BB,1619747062
76,rabo de peixe,-25.5833,37.8,12.0,12.0,76,20,3.09,PT,1619747063
77,bengkulu,102.2655,-3.8004,25.390000000000043,25.390000000000043,85,98,1.04,ID,1619746888
78,wagar,36.2032,16.1525,27.29000000000002,27.29000000000002,61,72,2.99,SD,1619747064
80,kahului,-156.47,20.8947,23.960000000000036,27.0,69,40,7.72,US,1619746777
81,tuktoyaktuk,-133.0374,69.4541,-2.0,-2.0,74,1,6.17,CA,1619747053
82,weifang,119.1019,36.71,17.27000000000004,17.27000000000004,32,80,5.8,CN,1619747066
83,bourail,165.4833,-21.5667,24.32000000000005,24.32000000000005,57,87,2.77,NC,1619747066
84,am timan,20.2827,11.0297,30.379999999999995,30.379999999999995,35,95,2.04,TD,1619747067
85,thompson,-97.8558,55.7435,0.0,0.0,43,20,6.17,CA,1619746936
86,cape town,18.4232,-33.9258,13.090000000000032,15.0,93,0,2.57,ZA,1619746240
87,yar-sale,70.8333,66.8333,-2.0600000000000023,-2.0600000000000023,96,100,3.55,RU,1619747068
88,copiapo,-70.3333,-27.3667,15.0,15.0,67,0,3.09,CL,1619747023
89,tahe,124.7333,52.3333,9.620000000000005,9.620000000000005,42,66,4.79,CN,1619747069
90,labuhan,112.2051,-6.8844,28.340000000000032,28.340000000000032,73,35,2.31,ID,1619747070
91,wanning,110.3967,18.8003,27.220000000000027,27.220000000000027,72,75,1.18,CN,1619747047
92,coihaique,-72.0662,-45.5752,10.129999999999995,10.129999999999995,95,70,2.36,CL,1619747071
93,katherine,132.2667,-14.4667,31.0,31.0,40,1,2.57,AU,1619747043
94,mabay,124.4666,6.0577,30.0,30.0,66,75,1.54,PH,1619747072
95,faanui,-151.75,-16.4833,27.57000000000005,27.57000000000005,70,100,1.85,PF,1619747073
96,east london,27.9116,-33.0153,17.350000000000023,17.350000000000023,82,100,6.1,ZA,1619746934
98,sao joao da barra,-41.0511,-21.6403,20.060000000000002,20.060000000000002,86,59,5.06,BR,1619746976
99,punta arenas,-70.9167,-53.15,5.770000000000039,6.0,93,90,5.66,CL,1619746898
100,gizo,156.8419,-8.103,28.340000000000032,28.340000000000032,72,33,2.09,SB,1619747075
102,airai,125.4092,-8.9266,23.29000000000002,23.29000000000002,56,11,1.57,TL,1619747076
103,flinders,150.8552,-34.5833,23.33000000000004,23.33000000000004,59,1,0.45,AU,1619747077
104,jalu,21.5482,29.0331,26.220000000000027,26.220000000000027,15,0,5.53,LY,1619747077
105,gushikawa,127.8686,26.3544,21.879999999999995,22.0,88,1,2.57,JP,1619747078
106,boyolangu,111.8935,-8.1181,27.850000000000023,27.850000000000023,75,47,2.32,ID,1619747079
107,tasiilaq,-37.6368,65.6145,0.0,0.0,86,100,7.2,GL,1619746979
108,hennef,7.2831,50.7756,3.0500000000000114,5.0,87,20,3.09,DE,1619747080
109,yeppoon,150.7333,-23.1333,26.0,26.0,57,20,5.66,AU,1619747080
110,maymyo,96.4667,22.0333,26.0,26.0,69,20,1.54,MM,1619746990
111,cherskiy,161.3,68.75,-6.189999999999998,-6.189999999999998,84,90,5.37,RU,1619746983
112,puerto colombia,-74.9547,10.9878,26.0,26.0,83,20,6.17,CO,1619747082
113,pangai,-174.35,-19.8,28.0,28.0,83,75,2.06,TO,1619747082
114,tuatapere,167.6833,-46.1333,12.78000000000003,12.78000000000003,70,57,6.71,NZ,1619747083
115,saldanha,17.9442,-33.0117,15.610000000000014,15.610000000000014,73,0,8.09,ZA,1619747084
116,mahebourg,57.7,-20.4081,25.0,25.0,83,75,3.6,MU,1619747084
118,arraial do cabo,-42.0278,-22.9661,22.27000000000004,22.27000000000004,70,14,3.87,BR,1619747085
119,saint-augustin,-58.6502,51.226,5.270000000000039,5.270000000000039,83,100,1.61,CA,1619747086
120,camacupa,17.4833,-12.0167,15.720000000000027,15.720000000000027,96,96,1.39,AO,1619746947
121,kapaa,-159.319,22.0752,24.78000000000003,26.0,57,20,4.12,US,1619746908
122,khatanga,102.5,71.9667,0.22000000000002728,0.22000000000002728,97,100,3.17,RU,1619747017
123,arlit,7.3853,18.7369,30.060000000000002,30.060000000000002,8,3,2.61,NE,1619747088
124,turukhansk,87.9833,65.8167,1.7600000000000477,1.7600000000000477,95,100,7.46,RU,1619747088
125,bilibino,166.4372,68.0546,-4.149999999999977,-4.149999999999977,87,100,2.87,RU,1619747089
126,bonthe,-12.505,7.5264,27.05000000000001,27.05000000000001,79,45,1.25,SL,1619747028
127,antofagasta,-70.4,-23.65,16.0,16.0,82,0,3.09,CL,1619747090
128,batemans bay,150.1833,-35.7167,20.25,20.560000000000002,60,0,2.8,AU,1619747091
129,buala,159.5921,-8.145,28.590000000000032,28.590000000000032,72,97,2.24,SB,1619747091
130,talara,-81.2719,-4.5772,20.79000000000002,20.79000000000002,83,9,5.75,PE,1619746990
131,ponta delgada,-25.6667,37.7333,12.0,12.0,76,20,3.09,PT,1619747092
132,kodiak,-152.4072,57.79,6.0,6.0,81,90,1.54,US,1619746926
133,gerede,32.1969,40.8008,10.740000000000009,10.740000000000009,73,100,1.39,TR,1619747093
134,kulhudhuffushi,73.07,6.6221,28.640000000000043,28.640000000000043,74,98,2.76,MV,1619747094
135,ikorodu,3.5041,6.6191,27.0,27.0,89,20,1.03,NG,1619747095
137,xuddur,43.8894,4.1213,23.200000000000045,23.200000000000045,87,100,3.94,SO,1619747096
138,sivas,37.0019,39.7916,11.090000000000032,11.090000000000032,78,100,1.29,TR,1619747096
139,georgetown,100.3354,5.4112,27.920000000000016,29.0,83,20,2.06,MY,1619746906
140,kibre mengist,38.9833,5.8833,14.930000000000007,14.930000000000007,96,100,1.06,ET,1619747097
141,nueve de julio,-60.8831,-35.4444,15.560000000000002,15.560000000000002,71,0,1.79,AR,1619747098
142,marathon,-89.7668,44.9,10.860000000000014,14.0,38,1,2.06,US,1619747099
143,vila franca do campo,-25.4333,37.7167,12.0,12.0,76,20,3.09,PT,1619747099
144,saint george,-113.5841,37.1041,29.0,29.0,12,1,5.14,US,1619747010
145,upernavik,-56.1549,72.7868,-4.139999999999986,-4.139999999999986,63,100,1.67,GL,1619746899
146,huangcun,118.4037,30.0145,23.160000000000025,23.160000000000025,58,0,3.91,CN,1619747101
147,padang,100.3543,-0.9492,25.460000000000036,25.460000000000036,87,100,1.25,ID,1619747102
149,samarai,150.6667,-10.6167,27.32000000000005,27.32000000000005,76,53,4.48,PG,1619747103
150,kruisfontein,24.7314,-34.0033,13.330000000000041,13.330000000000041,95,100,0.45,ZA,1619746960
151,komsomolskiy,71.7189,40.4272,19.0,19.0,30,0,2.06,UZ,1619747104
152,sorland,12.6934,67.667,2.3799999999999955,2.3799999999999955,72,100,8.44,NO,1619747020
153,torbay,-52.7314,47.6666,3.080000000000041,3.330000000000041,81,1,3.6,CA,1619747105
154,matagami,-77.6328,49.7502,9.0,9.0,53,20,1.38,CA,1619747106
155,longyearbyen,15.6401,78.2186,-7.0,-7.0,63,40,5.66,SJ,1619747106
157,trinidad,-64.9,-14.8333,16.670000000000016,16.670000000000016,73,1,2.14,BO,1619747107
158,port elizabeth,25.5701,-33.918,13.330000000000041,13.330000000000041,95,98,0.45,ZA,1619747108
159,okhotsk,143.3,59.3833,3.8500000000000227,3.8500000000000227,75,89,0.65,RU,1619746992
160,corowa,146.3833,-36.0333,21.670000000000016,21.670000000000016,44,0,0.45,AU,1619747109
161,port alfred,26.891,-33.5906,17.110000000000014,17.110000000000014,72,100,6.37,ZA,1619747110
162,tilichiki,166.1,60.4667,0.4600000000000364,0.4600000000000364,99,100,0.43,RU,1619747110
163,ahipara,173.1667,-35.1667,18.54000000000002,18.54000000000002,63,10,3.21,NZ,1619747012
164,port lincoln,135.8667,-34.7333,22.650000000000034,22.650000000000034,37,39,5.34,AU,1619746919
165,dikson,80.5464,73.5069,-13.810000000000002,-13.810000000000002,94,73,3.65,RU,1619747112
166,saint-jean-de-braye,1.9771,47.913,8.04000000000002,8.330000000000041,71,0,3.09,FR,1619747113
167,linxia,103.2064,35.6003,17.5,17.5,26,0,0.68,CN,1619747113
168,ribeira grande,-28.7,38.5167,14.260000000000048,14.260000000000048,64,100,3.43,PT,1619747114
169,port blair,92.75,11.6667,28.680000000000007,28.680000000000007,70,100,2.54,IN,1619746961
170,sitka,-135.33,57.0531,8.0,8.0,87,90,6.69,US,1619746894
171,beringovskiy,179.3167,63.05,-1.25,-1.25,75,35,2.78,RU,1619747115
172,vanderhoof,-124.0198,54.0166,13.800000000000011,13.800000000000011,73,100,2.34,CA,1619747116
174,kurilsk,147.8833,45.2333,3.160000000000025,3.160000000000025,93,100,8.3,RU,1619747117
175,hithadhoo,73.0833,-0.6,28.629999999999995,28.629999999999995,72,81,2.72,MV,1619747118
176,sechura,-80.8222,-5.5569,21.390000000000043,21.390000000000043,74,3,6.79,PE,1619747118
177,dingle,122.6711,10.9995,31.110000000000014,31.110000000000014,42,6,2.66,PH,1619746989
178,ponta do sol,-17.1,32.6667,10.720000000000027,13.890000000000043,78,29,0.45,PT,1619746832
179,gorontalo,123.0595,0.5412,31.74000000000001,31.74000000000001,57,34,1.38,ID,1619747120
180,sinnamary,-52.95,5.3833,24.810000000000002,24.810000000000002,89,100,2.63,GF,1619747046
181,san nicolas,120.5953,18.1725,29.0,29.0,70,40,2.57,PH,1619747113
182,hokitika,170.9667,-42.7167,13.990000000000009,13.990000000000009,76,100,1.58,NZ,1619747121
183,ostrovnoy,39.5131,68.0531,-3.67999999999995,-3.67999999999995,87,100,8.49,RU,1619747122
184,erenhot,111.9767,43.6475,8.410000000000025,8.410000000000025,13,36,4.67,CN,1619747051
185,port hardy,-127.4199,50.6996,10.840000000000032,12.0,87,90,1.54,CA,1619746835
186,maxixe,35.3472,-23.8597,21.430000000000007,21.430000000000007,85,0,2.32,MZ,1619747123
187,yulara,130.9889,-25.2406,22.0,22.0,23,9,6.69,AU,1619747124
188,palmer,-72.3287,42.1584,14.03000000000003,15.560000000000002,100,90,1.54,US,1619747021
189,vila do maio,-23.2167,15.1333,22.0,22.0,73,20,5.66,CV,1619747125
190,ust-ishim,71.1665,57.6935,6.240000000000009,6.240000000000009,65,8,4.37,RU,1619747126
191,la ronge,-105.2842,55.1001,5.0,5.0,26,9,3.09,CA,1619747126
192,tazovskiy,78.7,67.4667,-0.6599999999999682,-0.6599999999999682,93,100,3.94,RU,1619747127
193,donskoy,38.3363,53.9711,5.460000000000036,5.460000000000036,74,100,4.94,RU,1619747128
194,dunedin,170.5036,-45.8742,13.330000000000041,13.330000000000041,69,100,8.49,NZ,1619746871
195,lazaro cardenas,-102.2,17.9583,25.160000000000025,25.160000000000025,80,98,3.1,MX,1619747129
196,ancud,-73.8203,-41.8697,11.520000000000039,13.890000000000043,94,20,8.23,CL,1619747129
197,thyolo,35.1405,-16.0678,17.230000000000018,17.230000000000018,93,17,1.68,MW,1619747130
199,diego de almagro,-70.05,-26.3667,14.379999999999995,14.379999999999995,58,0,0.89,CL,1619747131
200,ferme-neuve,-75.4493,46.7001,13.0,13.0,67,100,1.54,CA,1619747132
202,chaiyaphum,102.0,15.75,27.180000000000007,27.180000000000007,69,96,2.78,TH,1619747133
203,mehamn,27.8492,71.0357,-2.2299999999999613,-2.2299999999999613,63,100,9.51,NO,1619747133
204,lata,-8.3327,40.1629,8.930000000000007,10.560000000000002,86,73,0.52,PT,1619747134
205,cockburn town,-71.1419,21.4612,25.710000000000036,25.710000000000036,77,1,8.19,TC,1619747135
206,wukari,9.7833,7.85,26.810000000000002,26.810000000000002,67,100,2.37,NG,1619747007
207,almaznyy,40.045,48.0448,11.0,11.0,76,40,6.0,RU,1619747136
208,bethel,-73.414,41.3712,17.74000000000001,20.0,77,75,2.57,US,1619747136
209,bredasdorp,20.0403,-34.5322,9.0,9.0,93,5,2.57,ZA,1619747137
210,san francisco menendez,-90.0158,13.8431,25.870000000000005,25.870000000000005,76,4,1.33,SV,1619747138
212,komsomolets,62.0708,53.7453,6.600000000000023,6.600000000000023,66,1,4.08,KZ,1619747139
214,cairns,145.7667,-16.9167,27.890000000000043,28.0,57,40,8.23,AU,1619747112
215,roebourne,117.1333,-20.7833,32.43000000000001,32.43000000000001,21,0,3.78,AU,1619746984
216,ixtapa,-105.2,20.7,25.78000000000003,26.0,73,1,4.12,MX,1619747140
217,perbaungan,98.956,3.5679,26.0,26.0,89,40,2.06,ID,1619747141
218,ilulissat,-51.1,69.2167,1.0,1.0,75,100,1.03,GL,1619747142
219,ust-kulom,53.6902,61.6864,-0.6899999999999977,-0.6899999999999977,69,11,1.93,RU,1619747143
220,naze,129.4833,28.3667,22.0,22.0,68,40,1.54,JP,1619747009
221,hollola,25.4333,61.05,-3.329999999999984,-3.329999999999984,91,6,1.65,FI,1619747144
222,seoul,126.9778,37.5683,12.03000000000003,13.0,67,75,1.03,KR,1619746551
223,francisco sa,-43.4883,-16.4758,23.0,23.0,68,0,2.06,BR,1619747145
224,moron,-58.6198,-34.6534,17.57000000000005,18.890000000000043,81,0,2.28,AR,1619747145
225,erdenet,104.0833,49.0333,3.2800000000000296,3.2800000000000296,66,99,0.83,MN,1619747146
226,winchester,-1.3187,51.0651,3.2200000000000273,5.0,75,57,2.57,GB,1619747147
227,sigli,95.9609,5.3848,27.700000000000045,27.700000000000045,77,100,0.92,ID,1619747147
228,hasaki,140.8333,35.7333,23.090000000000032,23.890000000000043,46,20,4.63,JP,1619746966
229,coloso,-75.3615,9.4915,24.760000000000048,24.760000000000048,86,98,1.59,CO,1619747148
230,kattivakkam,80.3167,13.2167,29.230000000000018,29.439999999999998,79,40,4.52,IN,1619747149
231,blytheville,-89.919,35.9273,19.840000000000032,20.0,83,1,2.06,US,1619747150
232,havoysund,24.6622,70.9963,-3.0,-3.0,74,75,8.23,NO,1619747151
233,windhoek,17.0832,-22.5594,12.78000000000003,12.78000000000003,52,0,1.44,NA,1619746862
234,ciudad bolivar,-63.5497,8.1222,24.439999999999998,24.439999999999998,72,98,3.7,VE,1619747152
235,popondetta,148.2534,-8.7537,31.49000000000001,31.49000000000001,54,54,1.96,PG,1619747153
236,fortuna,-124.1573,40.5982,13.830000000000041,15.0,58,20,5.14,US,1619747153
237,kurashiki,133.7667,34.5833,16.850000000000023,19.439999999999998,88,40,2.57,JP,1619747154
238,hun,15.9477,29.1268,27.670000000000016,27.670000000000016,8,70,3.27,LY,1619747155
239,chuy,-53.4616,-33.6971,13.390000000000043,13.390000000000043,79,0,1.81,UY,1619746978
240,kawardha,81.25,22.0167,31.04000000000002,31.04000000000002,11,1,2.06,IN,1619747156
241,biak,122.8766,-0.9131,28.590000000000032,28.590000000000032,64,50,0.95,ID,1619747156
244,abeche,20.8324,13.8292,26.560000000000002,26.560000000000002,10,40,3.36,TD,1619747158
245,vestmannaeyjar,-20.2734,63.4427,6.189999999999998,6.189999999999998,77,93,2.72,IS,1619746958
246,makueni,37.6203,-1.8041,16.860000000000014,16.860000000000014,96,79,1.11,KE,1619747159
247,geraldton,114.6,-28.7667,20.0,20.0,60,75,7.72,AU,1619747159
248,ballina,153.5667,-28.8667,18.79000000000002,19.0,94,75,4.12,AU,1619747160
249,nuevo progreso,-97.95,23.1667,26.33000000000004,26.670000000000016,72,8,0.89,MX,1619747161
250,kudahuvadhoo,72.8944,2.6708,28.379999999999995,28.379999999999995,71,33,1.37,MV,1619747161
251,cabo san lucas,-109.9124,22.8909,23.720000000000027,24.0,38,1,5.14,MX,1619746936
252,asau,26.4,46.4333,9.439999999999998,9.439999999999998,61,21,2.4,RO,1619747163
253,severo-kurilsk,156.125,50.6789,4.2000000000000455,4.2000000000000455,79,19,2.87,RU,1619747163
254,port pirie,138.0167,-33.1833,24.0,24.0,35,0,4.12,AU,1619747164
255,chhabra,76.8333,24.6667,30.939999999999998,30.939999999999998,19,41,3.54,IN,1619747164
256,codrington,141.9667,-38.2667,22.310000000000002,22.310000000000002,39,0,4.66,AU,1619747165
257,agadir,-9.5982,30.4202,16.0,16.0,88,20,3.6,MA,1619747127
258,hengyang,112.615,26.8881,23.760000000000048,23.760000000000048,58,0,2.23,CN,1619747166
259,piedras negras,-100.5167,28.7,22.720000000000027,23.33000000000004,60,0,1.34,MX,1619747167
260,sarny,26.6019,51.338,8.740000000000009,8.740000000000009,95,71,3.25,UA,1619747168
261,ulaangom,92.0667,49.9811,14.270000000000039,14.270000000000039,36,72,0.5,MN,1619746937
262,aksarka,67.7975,66.5606,-4.6200000000000045,-4.6200000000000045,94,100,3.51,RU,1619747169
263,mount gambier,140.7667,-37.8333,20.0,20.0,60,0,3.6,AU,1619747170
265,lavrentiya,-171.0,65.5833,-2.259999999999991,-2.259999999999991,70,35,2.17,RU,1619747171
266,maihar,80.75,24.2667,33.64000000000004,33.64000000000004,8,2,1.04,IN,1619747172
267,hasanpur,78.2833,28.7167,30.730000000000018,30.730000000000018,24,18,2.35,IN,1619747172
268,san cristobal,-72.225,7.7669,24.0,24.0,100,75,1.54,VE,1619746985
269,the valley,-63.0578,18.217,25.879999999999995,26.110000000000014,73,40,5.14,AI,1619747064
270,alexandria,29.9553,31.2156,19.0,19.0,77,0,1.54,EG,1619747049
271,oriximina,-55.8661,-1.7656,23.980000000000018,23.980000000000018,91,96,0.7,BR,1619747174
272,majene,118.9707,-3.5403,29.53000000000003,29.53000000000003,68,14,2.49,ID,1619747175
273,ushibuka,130.0228,32.1906,19.02000000000004,19.02000000000004,81,68,9.16,JP,1619747176
274,oussouye,-16.5469,12.485,22.900000000000034,22.900000000000034,65,63,4.66,SN,1619747176
275,christchurch,172.6333,-43.5333,20.54000000000002,21.0,40,100,2.06,NZ,1619746677
276,severnyy,36.5532,50.677,8.0,8.0,49,0,4.0,RU,1619747177
277,zyryanovsk,84.2719,49.7386,16.30000000000001,16.30000000000001,54,100,0.46,KZ,1619747178
278,hudiksvall,17.1036,61.729,-0.37000000000000455,-0.37000000000000455,69,0,2.95,SE,1619747179
279,alofi,-169.9187,-19.0595,29.0,29.0,79,75,2.06,NU,1619747044
280,izvor,21.5783,42.2039,14.230000000000018,14.439999999999998,94,40,1.03,MK,1619747180
281,nelidovo,32.7774,56.2211,5.2900000000000205,5.2900000000000205,89,100,2.82,RU,1619747181
282,quatre cocos,57.7625,-20.2078,24.110000000000014,25.0,83,75,3.6,MU,1619747062
283,petropavlovsk-kamchatskiy,158.6483,53.0452,9.0,9.0,57,45,3.0,RU,1619746959
284,new norfolk,147.0587,-42.7826,17.410000000000025,18.890000000000043,72,20,4.12,AU,1619746960
285,riyadh,46.7219,24.6877,21.629999999999995,22.0,28,0,1.54,SA,1619746956
286,tolosa,1.4437,43.6043,9.760000000000048,10.0,93,90,4.63,FR,1619747183
289,richards bay,32.0377,-28.783,21.980000000000018,21.980000000000018,82,100,5.86,ZA,1619747184
290,mitchell,-98.0298,43.7094,17.52000000000004,20.0,28,1,3.6,US,1619746988
291,pacific grove,-121.9166,36.6177,13.740000000000009,16.0,63,20,2.06,US,1619747186
292,tiksi,128.8694,71.6872,0.040000000000020464,0.040000000000020464,83,78,2.26,RU,1619747186
293,luderitz,15.1594,-26.6481,13.220000000000027,13.220000000000027,77,0,9.6,NA,1619747028
294,sao filipe,-24.4956,14.8961,22.77000000000004,22.77000000000004,75,96,2.81,CV,1619746908
295,aleksandrov gay,48.5704,50.147,7.0,7.0,57,2,1.43,RU,1619747188
296,nantucket,-70.0995,41.2835,10.53000000000003,11.0,93,90,3.09,US,1619747189
297,soyo,12.3689,-6.1349,26.060000000000002,26.060000000000002,90,97,2.31,AO,1619747189
298,batagay-alyta,130.4114,67.8006,-2.6200000000000045,-2.6200000000000045,76,24,1.35,RU,1619747090
299,sycow,17.7198,51.3081,9.050000000000011,10.0,81,0,2.06,PL,1619747190
300,buin,-70.75,-33.7333,15.720000000000027,18.33000000000004,82,90,3.09,CL,1619747191
301,bairiki,172.9752,1.3292,31.0,31.0,70,75,4.63,KI,1619747192
302,santa cruz,-63.1667,-17.8,19.0,19.0,68,0,2.06,BO,1619746975
303,imeni poliny osipenko,136.4853,52.4201,0.27000000000003865,0.27000000000003865,96,100,6.15,RU,1619747193
304,grand gaube,57.6608,-20.0064,23.33000000000004,23.33000000000004,91,24,2.68,MU,1619747004
306,constitucion,-72.4167,-35.3333,12.660000000000025,12.660000000000025,90,52,1.2,CL,1619746966
307,pevek,170.3133,69.7008,-5.769999999999982,-5.769999999999982,85,100,3.82,RU,1619746966
308,rongcheng,117.8517,30.634,26.75,26.75,50,0,4.44,CN,1619747195
309,trairi,-39.2689,-3.2778,24.32000000000005,24.32000000000005,88,75,2.34,BR,1619747190
310,lebanon,-86.2911,36.2081,18.400000000000034,19.0,94,75,2.35,US,1619747109
311,nong khai,103.0833,17.9167,26.110000000000014,26.110000000000014,99,100,1.34,TH,1619747197
312,jennings,-90.2604,38.7192,16.970000000000027,18.0,52,1,3.09,US,1619747197
313,meulaboh,96.1285,4.1363,27.07000000000005,27.07000000000005,76,100,1.78,ID,1619747198
314,gamba,10.0,-2.65,25.220000000000027,25.220000000000027,90,100,1.62,GA,1619747199
315,santa maria del oro,-105.3667,25.9333,18.74000000000001,18.74000000000001,23,0,3.8,MX,1619747199
316,maragogi,-35.2225,-9.0122,25.400000000000034,25.400000000000034,83,81,3.68,BR,1619747200
317,avera,-82.5271,33.194,22.210000000000036,23.33000000000004,69,100,0.45,US,1619747011
318,oyama,139.8,36.3,22.720000000000027,23.890000000000043,33,20,4.12,JP,1619747201
319,arcata,-124.0828,40.8665,13.520000000000039,14.439999999999998,82,1,3.6,US,1619747202
320,quimper,-4.1,48.0,6.0,6.0,75,100,1.03,FR,1619747203
321,rio grande,-52.0986,-32.035,16.090000000000032,16.090000000000032,79,1,2.65,BR,1619747203
322,kot diji,68.7083,27.3427,25.0,25.0,57,3,4.16,PK,1619747204
323,puerto armuelles,-82.8667,8.2833,23.510000000000048,25.0,94,40,1.03,PA,1619747205
324,kokstad,29.4241,-30.5472,11.520000000000039,11.520000000000039,97,100,2.0,ZA,1619747205
325,carnarvon,113.6333,-24.8667,24.0,24.0,69,40,7.2,AU,1619746970
326,derzhavinsk,66.3167,51.1,8.140000000000043,8.140000000000043,56,43,2.25,KZ,1619747206
327,camopi,-52.3158,3.1655,21.710000000000036,21.710000000000036,98,100,1.11,GF,1619747207
328,luanda,13.2343,-8.8368,24.0,24.0,94,40,1.54,AO,1619746915
329,bima,118.7167,-8.4667,29.82000000000005,29.82000000000005,63,21,1.84,ID,1619747208
330,roald,6.1333,62.5833,1.3000000000000114,3.0,75,27,4.63,NO,1619747209
331,bangassou,22.8184,4.7413,21.129999999999995,21.129999999999995,87,100,1.03,CF,1619747210
332,zhigansk,123.3711,66.7697,-0.06999999999999318,-0.06999999999999318,98,100,3.36,RU,1619747210
333,svetlogorsk,29.7333,52.6333,10.220000000000027,10.220000000000027,81,100,6.09,BY,1619747211
335,salalah,54.0924,17.0151,28.0,28.0,83,75,1.54,OM,1619747057
336,jacqueville,-4.4146,5.2052,27.0,27.0,94,20,1.54,CI,1619747212
337,santa marta,-74.199,11.2408,27.870000000000005,28.0,74,20,4.12,CO,1619747213
338,teknaf,92.3058,20.8624,28.879999999999995,28.879999999999995,70,24,1.71,BD,1619747214
339,mandera,41.867,3.9366,27.07000000000005,27.07000000000005,67,100,5.16,KE,1619747215
340,klaksvik,-6.589,62.2266,3.0,3.0,65,90,4.12,FO,1619746927
341,shirokiy,129.523,49.758,12.260000000000048,12.260000000000048,36,100,6.1,RU,1619747216
342,korla,86.1469,41.7597,23.930000000000007,23.930000000000007,13,0,1.31,CN,1619747217
343,grindavik,-22.4338,63.8424,5.0,5.0,81,90,2.57,IS,1619747218
344,san ramon,-121.978,37.7799,18.920000000000016,24.0,27,1,5.14,US,1619746964
345,abu dhabi,54.3667,24.4667,29.57000000000005,30.0,48,0,1.03,AE,1619746943
347,san pedro,121.0167,14.35,30.850000000000023,31.670000000000016,70,40,3.09,PH,1619747219
348,inhambane,35.3833,-23.865,22.210000000000036,22.210000000000036,77,0,2.47,MZ,1619747220
349,broken hill,141.4333,-31.95,23.0,23.0,28,0,4.63,AU,1619746985
350,forest grove,-123.1107,45.5198,23.960000000000036,24.0,31,1,5.66,US,1619747022
351,dabou,-4.3769,5.3256,27.0,27.0,94,20,1.54,CI,1619747222
352,narsaq,-46.05,60.9167,2.0,2.0,80,20,1.03,GL,1619746989
353,suntar,117.6319,62.1444,3.07000000000005,3.07000000000005,64,95,2.7,RU,1619747024
354,san quintin,-115.95,30.4833,18.30000000000001,18.30000000000001,72,0,3.7,MX,1619747223
355,inirida,-67.9239,3.8653,22.29000000000002,22.29000000000002,99,100,0.11,CO,1619747224
356,vardo,31.1107,70.3705,-0.7899999999999636,-0.7899999999999636,94,100,9.74,NO,1619747224
357,mbandaka,18.2603,0.0487,21.57000000000005,21.57000000000005,95,100,1.2,CD,1619747225
359,bandar,99.75,2.05,23.480000000000018,23.480000000000018,97,100,1.2,ID,1619747226
361,laguna,-121.4238,38.421,31.0,31.0,16,1,3.09,US,1619747227
362,ubud,115.2654,-8.5098,29.0,29.0,79,20,4.12,ID,1619747228
364,manati,-66.4921,18.4275,21.870000000000005,23.33000000000004,91,6,3.94,PR,1619747229
365,provideniya,-173.3,64.3833,0.0,0.0,69,75,3.0,RU,1619747230
366,san blas,-105.2667,21.5167,23.450000000000045,23.450000000000045,76,7,1.51,MX,1619747231
367,smithers,-127.1743,54.7804,14.0,14.0,51,90,10.29,CA,1619747102
368,kaeo,173.7833,-35.1,21.110000000000014,21.110000000000014,59,13,1.34,NZ,1619747232
369,muisne,-80.0333,0.6,24.900000000000034,24.900000000000034,85,100,2.57,EC,1619746943
370,punta alta,-62.0736,-38.8759,18.27000000000004,18.27000000000004,64,6,7.33,AR,1619747233
371,smidovich,133.8167,48.6,11.420000000000016,11.420000000000016,52,97,5.91,RU,1619747233
372,anaconda,-112.9423,46.1285,16.54000000000002,19.0,26,1,6.69,US,1619747234
373,husavik,-17.3389,66.0449,2.0,2.0,87,90,1.54,IS,1619747235
374,vanavara,102.2797,60.34,4.510000000000048,4.510000000000048,59,81,3.7,RU,1619747235
375,saint-joseph,55.6167,-21.3667,22.600000000000023,23.0,83,90,7.72,RE,1619747015
376,san patricio,-97.5169,28.017,25.0,25.560000000000002,94,90,4.63,US,1619747237
378,winona,-91.7668,43.9666,15.0,15.0,38,1,2.3,US,1619747238
379,yerbogachen,108.0108,61.2767,3.2900000000000205,3.2900000000000205,66,70,2.75,RU,1619746953
380,mayor pablo lagerenza,-60.7718,-19.9309,16.24000000000001,16.24000000000001,49,0,2.53,PY,1619747239
381,honiara,159.95,-9.4333,29.450000000000045,29.450000000000045,69,24,2.39,SB,1619747240
383,antalaha,50.2788,-14.9003,23.470000000000027,23.470000000000027,87,25,3.01,MG,1619746973
384,tiarei,-149.3333,-17.5333,32.0,32.0,58,40,2.06,PF,1619747241
385,coquimbo,-71.3436,-29.9533,13.0,13.0,88,0,2.06,CL,1619747003
386,cukai,103.4167,4.25,28.939999999999998,29.0,79,20,1.54,MY,1619747223
387,grand-santi,-54.3833,4.25,22.0,22.0,99,100,0.9,GF,1619747242
388,mandan,-100.8896,46.8267,16.710000000000036,19.0,26,1,6.17,US,1619747243
389,gulmarg,74.3921,34.049,7.689999999999998,7.689999999999998,76,89,1.43,IN,1619747244
390,katangli,143.2326,51.7102,0.3900000000000432,0.3900000000000432,91,100,4.48,RU,1619747244
391,kupang,123.5833,-10.1667,29.410000000000025,29.410000000000025,66,1,3.62,ID,1619747245
392,ikovka,64.9375,55.6089,6.07000000000005,6.07000000000005,69,2,4.36,RU,1619747246
393,bindura,31.3306,-17.3019,15.0,15.0,85,0,2.68,ZW,1619747246
394,olga,135.2892,43.7444,10.629999999999995,10.629999999999995,49,100,5.33,RU,1619747247
395,casper,-106.3131,42.8666,18.52000000000004,21.0,19,1,5.14,US,1619747248
396,porbandar,69.6093,21.6422,26.950000000000045,26.950000000000045,75,82,3.38,IN,1619747248
398,guanambi,-42.7814,-14.2233,22.720000000000027,22.720000000000027,63,5,5.45,BR,1619747249
399,boca do acre,-67.3978,-8.7522,23.480000000000018,23.480000000000018,75,100,1.28,BR,1619747250
400,lagoa,-27.9833,39.05,13.660000000000025,13.660000000000025,61,99,2.11,PT,1619747251
401,birao,22.7882,10.2849,24.600000000000023,24.600000000000023,62,92,1.91,CF,1619747252
402,mildura,142.15,-34.2,23.950000000000045,25.0,28,0,3.6,AU,1619747226
405,tocopilla,-70.1979,-22.092,19.49000000000001,19.49000000000001,68,0,3.89,CL,1619747254
406,lohja,24.0653,60.2486,-1.9799999999999613,-1.1099999999999568,90,1,2.24,FI,1619747254
407,eureka,-124.1637,40.8021,13.890000000000043,14.439999999999998,68,100,1.79,US,1619747255
408,homer,-151.5483,59.6425,5.640000000000043,7.0,76,90,3.6,US,1619747256
409,havre-saint-pierre,-63.5986,50.2334,4.0,4.0,93,90,2.06,CA,1619747256
410,tual,132.75,-5.6667,27.970000000000027,27.970000000000027,72,100,1.99,ID,1619747041
411,jimo,120.4622,36.3897,15.0,15.0,47,0,1.0,CN,1619747257
412,fomboni,43.7425,-12.28,27.29000000000002,27.29000000000002,78,9,0.83,KM,1619747258
413,pisco,-76.2167,-13.7,19.189999999999998,19.439999999999998,88,0,3.6,PE,1619747259
414,polje,18.0744,43.8806,11.840000000000032,12.0,76,0,1.54,BA,1619747259
415,kyra,111.9753,49.5776,3.75,3.75,42,91,5.14,RU,1619747260
416,camacha,-16.3333,33.0833,16.0,16.0,63,40,4.12,PT,1619747261
417,whitehorse,-135.0538,60.7161,3.8000000000000114,4.0,93,90,5.66,CA,1619747261
418,paamiut,-49.6678,61.994,2.2100000000000364,2.2100000000000364,86,5,1.28,GL,1619747262
419,hambantota,81.1185,6.1241,27.010000000000048,27.010000000000048,79,95,2.79,LK,1619747263
420,milkovo,158.6167,54.7167,3.980000000000018,3.980000000000018,85,100,0.79,RU,1619747264
421,eyemouth,-2.0901,55.8713,3.0300000000000296,3.890000000000043,82,20,4.01,GB,1619747264
422,neiafu,-173.9833,-18.65,29.0,29.0,79,75,2.57,TO,1619747080
424,bereznik,42.7072,62.8551,-0.13999999999998636,-0.13999999999998636,83,100,2.51,RU,1619747266
425,fairbanks,-147.7164,64.8378,8.07000000000005,9.0,53,90,5.14,US,1619747116
426,yarkovo,67.0786,57.4028,6.060000000000002,6.060000000000002,68,9,3.89,RU,1619747267
427,athabasca,-113.2854,54.7169,8.939999999999998,10.0,71,100,3.09,CA,1619747065
428,teya,92.6267,60.3778,2.7000000000000455,2.7000000000000455,93,100,4.48,RU,1619747268
430,santa maria,-53.8069,-29.6842,13.0,13.0,94,0,1.03,BR,1619747269
431,pemba,40.5178,-12.974,23.939999999999998,24.0,94,20,3.09,MZ,1619747270
432,ozernovskiy,156.5167,51.5,2.2000000000000455,2.2000000000000455,90,53,1.96,RU,1619747271
433,zhanakorgan,67.2495,43.9098,20.78000000000003,20.78000000000003,42,100,8.01,KZ,1619747271
434,mackay,149.2,-21.15,24.0,24.0,78,40,4.63,AU,1619747272
435,hamilton,-84.5333,39.1834,13.830000000000041,15.0,84,50,3.45,US,1619747104
436,dukat,155.55,62.55,-1.8100000000000023,-1.8100000000000023,89,95,2.02,RU,1619747273
437,pouembout,164.9,-21.1333,25.160000000000025,25.160000000000025,57,83,2.85,NC,1619747274
438,bumba,22.4667,2.1833,22.150000000000034,22.150000000000034,96,100,0.68,CD,1619747274
439,lacey,-122.8232,47.0343,19.07000000000005,20.0,34,1,5.14,US,1619746997
440,outjo,16.15,-20.1167,15.390000000000043,15.390000000000043,53,2,1.61,NA,1619747275
441,prado,-39.2208,-17.3411,24.170000000000016,24.170000000000016,76,94,4.84,BR,1619747276
443,hurricane,-113.2899,37.1753,23.760000000000048,29.0,12,1,5.14,US,1619747277
444,kieta,155.6333,-6.2167,28.05000000000001,28.05000000000001,76,38,1.25,PG,1619747278
445,guerrero negro,-114.0611,27.9769,18.410000000000025,18.410000000000025,67,0,7.21,MX,1619747091
446,necochea,-58.7368,-38.5473,13.890000000000043,13.890000000000043,87,60,3.58,AR,1619747048
447,kachug,105.8817,53.9606,5.240000000000009,5.240000000000009,49,38,1.53,RU,1619747280
448,charlestown,151.6667,-32.95,21.150000000000034,23.33000000000004,80,7,2.29,AU,1619747197
449,sungaipenuh,101.3833,-2.0833,19.140000000000043,19.140000000000043,93,100,0.69,ID,1619747281
450,vysoke,29.5167,50.3833,11.79000000000002,12.0,66,86,4.0,UA,1619747282
451,nangong,115.3744,37.3581,16.02000000000004,16.02000000000004,22,99,6.09,CN,1619747282
453,tautira,-149.15,-17.7333,32.0,32.0,58,40,2.06,PF,1619747284
454,asyut,31.1837,27.181,22.0,22.0,37,0,3.09,EG,1619747203
455,sakaiminato,133.2333,35.55,17.55000000000001,20.0,52,75,10.8,JP,1619747285
457,port shepstone,30.455,-30.7414,18.620000000000005,18.620000000000005,88,100,7.45,ZA,1619747286
458,dicabisagan,122.4157,17.0818,29.08000000000004,29.08000000000004,58,12,1.55,PH,1619747287
459,strezhevoy,77.5889,60.7333,2.0,2.0,100,90,2.0,RU,1619747287
460,iracoubo,-53.2011,5.4802,24.24000000000001,24.24000000000001,90,100,1.92,GF,1619747288
461,kenai,-151.2583,60.5544,6.930000000000007,8.0,76,75,8.23,US,1619747289
463,qaanaaq,-69.3632,77.484,-3.6899999999999977,-3.6899999999999977,62,100,4.49,GL,1619747290
464,te anau,167.7167,-45.4167,14.910000000000025,14.910000000000025,64,4,1.24,NZ,1619747277
465,kiomboi,34.3667,-4.2667,14.75,14.75,92,64,2.59,TZ,1619747291
466,maumere,122.2111,-8.6199,28.78000000000003,28.78000000000003,69,30,0.94,ID,1619747292
467,ambilobe,49.05,-13.2,22.24000000000001,22.24000000000001,92,10,1.37,MG,1619747293
468,taoudenni,-3.9836,22.6783,30.100000000000023,30.100000000000023,26,78,9.75,ML,1619747293
469,vieste,16.175,41.8825,15.0,15.0,77,0,1.54,IT,1619747294
470,fereydun kenar,52.5225,36.6864,16.05000000000001,16.05000000000001,87,0,1.12,IR,1619747074
471,talaya,152.75,61.3833,-1.0399999999999636,-1.0399999999999636,87,97,1.67,RU,1619747295
472,tabou,-7.3528,4.423,26.100000000000023,26.100000000000023,85,100,2.0,CI,1619747296
473,kurchum,83.6542,48.5722,18.660000000000025,18.660000000000025,39,59,2.08,KZ,1619747297
474,maniitsoq,-52.9,65.4167,1.8500000000000227,1.8500000000000227,78,46,2.37,GL,1619747297
475,sukaraja,108.1944,-7.4519,28.0,28.0,68,85,1.16,ID,1619747298
476,aswan,32.907,24.0934,28.170000000000016,28.170000000000016,13,2,4.24,EG,1619747299
477,sola,167.55,-13.8833,27.53000000000003,27.53000000000003,65,80,9.34,VU,1619747299
478,mackenzie,-123.1698,55.2999,10.0,10.0,93,90,4.63,CA,1619747300
479,barcelona,2.159,41.3888,14.870000000000005,15.560000000000002,94,75,2.57,ES,1619746692
480,midland,-102.0779,31.9974,13.230000000000018,13.330000000000041,100,90,2.57,US,1619747138
481,kosonsoy,71.5508,41.2561,20.0,20.0,34,0,4.12,UZ,1619747303
482,kavieng,150.7967,-2.5744,29.28000000000003,29.28000000000003,69,49,3.99,PG,1619747303
483,genhe,121.5167,50.7833,1.3799999999999955,1.3799999999999955,88,100,2.63,CN,1619747125
484,fuerte olimpo,-57.8738,-21.0415,16.79000000000002,16.79000000000002,44,0,2.43,PY,1619747305
485,guarapari,-40.4975,-20.6667,22.0,22.0,78,75,3.6,BR,1619747305
486,llanes,-4.7549,43.4198,10.650000000000034,11.670000000000016,75,99,2.03,ES,1619747306
487,koubia,-11.9,11.5833,27.0,27.0,35,99,2.22,GN,1619747307
489,victoria,114.1577,22.2855,24.53000000000003,26.110000000000014,74,100,0.45,HK,1619747308
491,seimeni,28.0667,44.3833,7.110000000000014,7.220000000000027,100,90,3.09,RO,1619747309
492,noumea,166.4572,-22.2763,27.140000000000043,27.220000000000027,54,0,3.6,NC,1619747310
493,brae,-1.353,60.3964,3.0,3.0,87,20,4.12,GB,1619747310
494,siyana,78.0599,28.6277,30.99000000000001,30.99000000000001,22,16,1.8,IN,1619747311
495,sagua de tanamo,-75.2414,20.5819,22.55000000000001,22.55000000000001,87,10,2.24,CU,1619747312
496,pasir gudang,103.8805,1.4584,28.850000000000023,30.0,83,75,1.03,MY,1619747313
497,alta floresta,-56.0861,-9.8756,21.410000000000025,21.410000000000025,96,96,0.97,BR,1619747314
498,warmbad,18.7333,-28.45,10.480000000000018,10.480000000000018,54,0,4.26,NA,1619747314
499,karaman,33.25,37.0833,16.110000000000014,16.110000000000014,46,95,2.07,TR,1619747315
500,ola,151.2833,59.5833,3.1100000000000136,3.1100000000000136,62,42,0.78,RU,1619747315
501,santa vitoria do palmar,-53.3681,-33.5189,13.800000000000011,13.800000000000011,76,0,1.59,BR,1619747316
502,belyy yar,91.3903,53.6039,6.0,6.0,100,75,1.0,RU,1619747317
503,nemuro,145.575,43.3236,4.0,4.0,100,75,7.72,JP,1619747317
504,salaga,-0.5188,8.5508,27.560000000000002,27.560000000000002,64,81,2.2,GH,1619747318
505,kimbe,150.1429,-5.5502,30.710000000000036,30.710000000000036,62,87,2.38,PG,1619747319
506,anadyr,177.4833,64.75,-4.25,-4.0,80,0,5.0,RU,1619747319
507,morant bay,-76.4093,17.8815,25.310000000000002,28.0,65,20,8.23,JM,1619747319
508,den helder,4.7593,52.9599,7.150000000000034,7.220000000000027,93,90,2.57,NL,1619747321
509,shieli,66.75,44.1667,19.350000000000023,19.350000000000023,49,100,7.35,KZ,1619747321
510,gunjur,-16.7339,13.2019,21.0,21.0,83,0,5.14,GM,1619747322
511,puka,26.2436,58.0559,4.240000000000009,5.0,75,90,2.06,EE,1619747322
512,sibolga,98.7792,1.7427,25.140000000000043,25.140000000000043,88,100,0.89,ID,1619747049
513,khuzdar,66.6434,27.7384,22.58000000000004,22.58000000000004,38,50,1.63,PK,1619747323
514,itoman,127.6694,26.1247,22.29000000000002,23.0,64,20,3.09,JP,1619747324
515,itarema,-39.9167,-2.9248,25.420000000000016,25.420000000000016,82,100,3.83,BR,1619747325
516,san joaquin,-121.3011,37.9333,30.0,31.0,18,1,1.54,US,1619747325
517,hamada,132.0833,34.8833,18.0,18.0,68,75,6.69,JP,1619747326
518,chifeng,118.9636,42.2683,10.670000000000016,10.670000000000016,12,100,3.25,CN,1619747327
519,paredon,-93.8667,16.0333,28.760000000000048,28.760000000000048,67,17,1.79,MX,1619747327
520,lorengau,147.2712,-2.0226,29.160000000000025,29.160000000000025,72,99,1.5,PG,1619747328
521,cozumel,-86.9458,20.5083,27.400000000000034,27.78000000000003,74,40,5.14,MX,1619747329
522,chinsali,32.0816,-10.5414,16.05000000000001,16.05000000000001,98,64,1.89,ZM,1619747329
523,viedma,-62.9967,-40.8135,19.74000000000001,19.74000000000001,53,100,8.21,AR,1619747330
524,camabatela,15.375,-8.1881,17.560000000000002,17.560000000000002,98,97,0.86,AO,1619747331
525,chama,8.4636,47.1821,8.970000000000027,11.110000000000014,93,90,1.54,CH,1619747331
526,yinchuan,106.2731,38.4681,17.140000000000043,17.140000000000043,25,6,3.75,CN,1619747332
527,zhangjiakou,114.8794,40.81,2.680000000000007,2.680000000000007,88,100,1.41,CN,1619747333
528,tabory,64.5495,58.5198,3.580000000000041,3.580000000000041,67,21,3.98,RU,1619747334
529,mecca,39.8261,21.4267,29.879999999999995,29.879999999999995,38,82,2.41,SA,1619747334
530,slave lake,-114.769,55.2834,2.57000000000005,2.57000000000005,98,100,3.88,CA,1619747335
531,koraput,82.7167,18.8167,28.30000000000001,28.30000000000001,32,0,1.36,IN,1619747336
532,hirado,129.5531,33.3597,20.77000000000004,21.0,73,75,12.35,JP,1619747336
533,conselheiro pena,-41.4722,-19.1722,20.420000000000016,20.420000000000016,91,99,1.8,BR,1619747337
534,okaihau,173.7833,-35.3167,21.110000000000014,21.110000000000014,59,37,1.34,NZ,1619747338
535,stara moravica,19.4661,45.8689,13.0,13.0,94,0,3.6,RS,1619747338
536,qaqortoq,-46.0333,60.7167,2.0,2.0,80,20,1.03,GL,1619747339
538,namur,4.8675,50.4669,2.090000000000032,3.0,80,75,1.54,BE,1619747220
539,shakhtinsk,72.5872,49.71,7.0,7.0,70,0,5.0,KZ,1619747341
540,ankazoabo,44.5167,-22.2833,21.25,21.25,67,0,2.18,MG,1619747341
541,karratha,116.8463,-20.7377,32.650000000000034,32.650000000000034,20,0,3.93,AU,1619747309
542,daitari,85.75,21.1,26.400000000000034,26.400000000000034,74,33,2.79,IN,1619747342
543,tutoia,-42.2744,-2.7619,24.77000000000004,24.77000000000004,88,100,4.09,BR,1619747343
544,mbalmayo,11.5,3.5167,22.0,22.0,94,75,2.06,CM,1619747343
545,deputatskiy,139.9,69.3,-5.279999999999973,-5.279999999999973,91,99,2.03,RU,1619747344
546,north bend,-124.2243,43.4065,13.150000000000034,13.890000000000043,76,1,3.6,US,1619747181
547,zabol,67.25,32.25,16.53000000000003,16.53000000000003,45,25,3.1,AF,1619747345
548,woodward,-99.3904,36.4337,23.0,23.0,27,1,4.63,US,1619747346
549,namibe,12.1522,-15.1961,23.370000000000005,23.370000000000005,75,81,1.64,AO,1619747347
550,dawson creek,-120.2362,55.7666,16.0,16.0,44,20,4.63,CA,1619747348
551,astoria,-123.8313,46.1879,12.490000000000009,12.78000000000003,76,40,5.66,US,1619747105
553,half moon bay,-122.4286,37.4636,13.470000000000027,17.78000000000003,82,40,5.66,US,1619747349
554,dzaoudzi,45.2699,-12.7887,27.0,27.0,83,0,1.54,YT,1619747350
555,santa adelia,-48.8042,-21.2428,15.5,15.5,70,98,6.18,BR,1619747351
556,manta,-80.7333,-0.95,25.0,25.0,83,75,4.12,EC,1619747351
557,terney,136.6092,45.0503,8.270000000000039,8.270000000000039,67,100,4.77,RU,1619747352
558,kiama,150.8667,-34.6833,21.840000000000032,23.33000000000004,59,0,0.45,AU,1619747066
559,kashan,51.4364,33.9831,20.260000000000048,20.260000000000048,30,0,0.46,IR,1619747353
561,kaele,14.4508,10.1092,29.189999999999998,29.189999999999998,44,96,1.37,CM,1619747354
562,verkhniy uslon,48.9823,55.7701,2.0,2.0,69,0,2.0,RU,1619747355
563,mountain home,-115.6912,43.133,28.0,28.0,15,1,2.57,US,1619747069
564,chernyshevskiy,112.4714,63.0128,0.8700000000000045,0.8700000000000045,85,100,3.37,RU,1619747356
565,margate,1.3862,51.3813,5.8799999999999955,6.110000000000014,75,24,0.89,GB,1619747357
566,iquitos,-73.2472,-3.7481,24.0,24.0,94,75,0.51,PE,1619747358
567,zhangye,100.4517,38.9342,19.430000000000007,19.430000000000007,16,0,0.32,CN,1619747358
568,dongying,118.4856,37.4564,15.810000000000002,15.810000000000002,28,100,4.54,CN,1619747359
569,kaeng khoi,100.9976,14.5862,28.77000000000004,30.0,91,97,0.57,TH,1619747360
570,college,-147.8028,64.8569,7.390000000000043,9.0,53,75,5.66,US,1619747360
571,bambous virieux,57.7575,-20.3428,24.200000000000045,25.0,83,75,3.6,MU,1619747361
573,mushabani,86.45,22.5167,28.0,28.0,78,20,1.13,IN,1619747362
574,machachi,-78.5667,-0.5,11.990000000000009,14.0,100,90,2.06,EC,1619747363
575,gazanjyk,55.5154,39.2446,17.510000000000048,17.510000000000048,67,4,1.54,TM,1619747363
577,doha,51.5333,25.2867,25.32000000000005,26.0,38,0,2.57,QA,1619747255
578,san policarpo,125.5072,12.1791,27.57000000000005,27.57000000000005,73,15,2.0,PH,1619747365
579,vao,167.4833,-22.6667,23.860000000000014,23.860000000000014,57,94,9.5,NC,1619747365
580,ribeira brava,-17.0667,32.65,10.689999999999998,13.330000000000041,74,21,2.24,PT,1619747366
581,katsuura,140.3,35.1333,21.03000000000003,23.33000000000004,68,20,1.54,JP,1619747367
582,pemangkat,108.9667,1.1667,27.55000000000001,27.55000000000001,79,68,1.6,ID,1619747367
583,coromandel,-47.2003,-18.4733,17.730000000000018,17.730000000000018,86,100,1.78,BR,1619747368
584,mazatlan,-106.4167,23.2167,25.02000000000004,26.0,50,1,4.12,MX,1619747369
585,kaka,59.6143,37.3482,19.720000000000027,19.720000000000027,69,100,3.13,TM,1619747370
586,mbala,31.3659,-8.8402,14.700000000000045,14.700000000000045,95,100,2.51,ZM,1619747370
587,hofn,-15.2082,64.2539,4.060000000000002,4.060000000000002,64,16,3.3,IS,1619747371
588,king city,-121.126,36.2127,25.860000000000014,27.78000000000003,63,1,6.17,US,1619747371
589,touros,-35.4608,-5.1989,24.0,24.0,94,20,3.09,BR,1619747372
590,colares,-9.4469,38.7992,12.680000000000007,12.78000000000003,73,99,4.38,PT,1619747373
591,cartagena,-75.5144,10.3997,27.0,27.0,89,40,3.6,CO,1619747374
592,parainen,22.301,60.3067,-0.7699999999999818,0.5600000000000023,80,0,1.54,FI,1619747374
593,zyryanka,150.85,65.75,0.7000000000000455,0.7000000000000455,87,100,1.4,RU,1619747375
594,mareeba,145.4333,-17.0,26.939999999999998,28.0,57,40,8.23,AU,1619747376
595,nakonde,32.745,-9.3421,14.010000000000048,14.010000000000048,97,100,1.5,ZM,1619747377
596,aykhal,111.5,66.0,-1.7099999999999795,-1.7099999999999795,91,69,3.14,RU,1619747377
597,fort nelson,-122.7002,58.8053,9.0,9.0,57,75,1.03,CA,1619747378
598,shenjiamen,122.298,29.9576,18.660000000000025,18.660000000000025,74,0,3.3,CN,1619747379
599,nome,-165.4064,64.5011,-2.3100000000000023,-2.0,64,75,7.2,US,1619747307
600,trelew,-65.3051,-43.249,18.03000000000003,18.03000000000003,48,100,1.14,AR,1619747380
601,samfya,29.5565,-11.3649,18.04000000000002,18.04000000000002,93,50,2.83,ZM,1619747381
602,chaiya,99.1986,9.3862,27.0,27.0,94,20,1.54,TH,1619747381
603,eydhafushi,73.0708,5.1033,28.720000000000027,28.720000000000027,66,7,2.75,MV,1619747382
604,leshukonskoye,45.7622,64.8989,-1.2799999999999727,-1.2799999999999727,80,100,1.86,RU,1619747382
605,manokwari,134.0833,-0.8667,27.400000000000034,27.400000000000034,76,100,1.77,ID,1619747383
606,russellville,-93.1338,35.2784,19.57000000000005,20.0,94,1,1.54,US,1619747089
607,bartica,-58.6167,6.4,25.0,25.0,94,75,2.06,GY,1619747384
608,axim,-2.2405,4.8699,26.810000000000002,26.810000000000002,80,100,1.97,GH,1619747385
609,ambulu,113.6058,-8.345,28.810000000000002,28.810000000000002,69,22,1.36,ID,1619747385
610,mugumu,34.7,-1.85,14.120000000000005,14.120000000000005,87,99,1.96,TZ,1619747298
611,kautokeino,23.0412,69.0125,-13.109999999999957,-13.109999999999957,89,46,3.32,NO,1619747386
612,bubaque,-15.8333,11.2833,25.640000000000043,25.640000000000043,67,49,6.41,GW,1619747387
613,adamovka,59.9396,51.5223,6.53000000000003,6.53000000000003,67,2,2.22,RU,1619747388
614,kanye,25.3327,-24.9667,13.390000000000043,13.390000000000043,89,71,3.28,BW,1619747389
615,nhulunbuy,136.7667,-12.2333,30.0,30.0,62,40,5.66,AU,1619747389
616,mocuba,36.9856,-16.8392,20.910000000000025,20.910000000000025,98,30,1.14,MZ,1619747390
617,sri aman,111.4621,1.2376,24.0,24.0,100,40,0.61,MY,1619747391
618,gwanda,29.0,-20.9333,16.460000000000036,16.460000000000036,65,44,2.18,ZW,1619747391
619,bathsheba,-59.5167,13.2167,25.0,25.0,61,20,4.63,BB,1619747392
620,manitouwadge,-85.8403,49.1215,5.0,5.0,70,51,1.54,CA,1619747393
621,yerofey pavlovich,121.9667,53.9667,7.390000000000043,7.390000000000043,61,72,3.25,RU,1619747394
